Version,Platform,Released,VirusTotal
[`7.0.1` {octicon}`link-external`](https://github.com/kdeldycke/meta-package-manager/releases/tag/v7.0.1),[{octicon}`download` `linux-arm64`](https://github.com/kdeldycke/meta-package-manager/releases/download/v7.0.1/meta-package-manager-7.0.1-linux-arm64.bin),2026-06-27,[{octicon}`shield-check;1em;sd-text-success`](https://www.virustotal.com/gui/file/b73ccd4b969d5928db34aef69d23dbd8a2af43e8347ba97b12b1babc9adf8809)
[`7.0.1` {octicon}`link-external`](https://github.com/kdeldycke/meta-package-manager/releases/tag/v7.0.1),[{octicon}`download` `linux-x64`](https://github.com/kdeldycke/meta-package-manager/releases/download/v7.0.1/meta-package-manager-7.0.1-linux-x64.bin),2026-06-27,[{octicon}`shield-check;1em;sd-text-success`](https://www.virustotal.com/gui/file/c8c3fe35d0e0a56f867b80d3ee6d90cb2023e50a9f0626a91f49dffe5a3b56d5)
[`7.0.1` {octicon}`link-external`](https://github.com/kdeldycke/meta-package-manager/releases/tag/v7.0.1),[{octicon}`download` `macos-arm64`](https://github.com/kdeldycke/meta-package-manager/releases/download/v7.0.1/meta-package-manager-7.0.1-macos-arm64.bin),2026-06-27,[{octicon}`shield;1em;sd-text-warning` 1.6%](https://www.virustotal.com/gui/file/3fed30707ede80a6b32ac8f1f66723c71347c5cb17222131226340e951e583f2)
[`7.0.1` {octicon}`link-external`](https://github.com/kdeldycke/meta-package-manager/releases/tag/v7.0.1),[{octicon}`download` `macos-x64`](https://github.com/kdeldycke/meta-package-manager/releases/download/v7.0.1/meta-package-manager-7.0.1-macos-x64.bin),2026-06-27,[{octicon}`shield-check;1em;sd-text-success`](https://www.virustotal.com/gui/file/12d94b43e78f6cdcb9c2ef353070067da32f8acc4fa99ee21b3d06152b77c2e3)
[`7.0.1` {octicon}`link-external`](https://github.com/kdeldycke/meta-package-manager/releases/tag/v7.0.1),[{octicon}`download` `windows-arm64`](https://github.com/kdeldycke/meta-package-manager/releases/download/v7.0.1/meta-package-manager-7.0.1-windows-arm64.exe),2026-06-27,[{octicon}`shield;1em;sd-text-warning` 2.9%](https://www.virustotal.com/gui/file/0f0560090fd3dc3f5e4bea9d33f07896aa304e0c714da39f8fe3259d9ce07a83)
[`7.0.1` {octicon}`link-external`](https://github.com/kdeldycke/meta-package-manager/releases/tag/v7.0.1),[{octicon}`download` `windows-x64`](https://github.com/kdeldycke/meta-package-manager/releases/download/v7.0.1/meta-package-manager-7.0.1-windows-x64.exe),2026-06-27,[{octicon}`shield;1em;sd-text-danger` 17.1%](https://www.virustotal.com/gui/file/5537197ce14f7ce945f2510f0d0d49e3498d0047612aa608cc46699c954635e6)
[`7.0.0` {octicon}`link-external`](https://github.com/kdeldycke/meta-package-manager/releases/tag/v7.0.0),[{octicon}`download` `linux-arm64`](https://github.com/kdeldycke/meta-package-manager/releases/download/v7.0.0/meta-package-manager-7.0.0-linux-arm64.bin),2026-06-26,[{octicon}`shield-check;1em;sd-text-success`](https://www.virustotal.com/gui/file/095130111eae0223d59a8adc431913a15211e587fb6b8624cad3dd1805786cf9)
[`7.0.0` {octicon}`link-external`](https://github.com/kdeldycke/meta-package-manager/releases/tag/v7.0.0),[{octicon}`download` `linux-x64`](https://github.com/kdeldycke/meta-package-manager/releases/download/v7.0.0/meta-package-manager-7.0.0-linux-x64.bin),2026-06-26,[{octicon}`shield-check;1em;sd-text-success`](https://www.virustotal.com/gui/file/f7572b1a14089b0f0fd60ee9ddb403e24ee06e4a2efc6384af32e46a6cd5d05b)
[`7.0.0` {octicon}`link-external`](https://github.com/kdeldycke/meta-package-manager/releases/tag/v7.0.0),[{octicon}`download` `macos-arm64`](https://github.com/kdeldycke/meta-package-manager/releases/download/v7.0.0/meta-package-manager-7.0.0-macos-arm64.bin),2026-06-26,[{octicon}`shield;1em;sd-text-warning` 1.6%](https://www.virustotal.com/gui/file/475f3719146359d6efc2388ee31268d476c3f4e2bfa1ab4e042376fe279f6736)
[`7.0.0` {octicon}`link-external`](https://github.com/kdeldycke/meta-package-manager/releases/tag/v7.0.0),[{octicon}`download` `macos-x64`](https://github.com/kdeldycke/meta-package-manager/releases/download/v7.0.0/meta-package-manager-7.0.0-macos-x64.bin),2026-06-26,[{octicon}`shield-check;1em;sd-text-success`](https://www.virustotal.com/gui/file/1861a0a426318b080bf48ba7fb3fd0d64f2cd54b98133deae5867c33f34bab93)
[`7.0.0` {octicon}`link-external`](https://github.com/kdeldycke/meta-package-manager/releases/tag/v7.0.0),[{octicon}`download` `windows-arm64`](https://github.com/kdeldycke/meta-package-manager/releases/download/v7.0.0/meta-package-manager-7.0.0-windows-arm64.exe),2026-06-26,[{octicon}`shield;1em;sd-text-warning` 4.4%](https://www.virustotal.com/gui/file/9c18cbba521880e18c14d1301cc421218cd3d2182702e8f5518b25452717c96d)
[`7.0.0` {octicon}`link-external`](https://github.com/kdeldycke/meta-package-manager/releases/tag/v7.0.0),[{octicon}`download` `windows-x64`](https://github.com/kdeldycke/meta-package-manager/releases/download/v7.0.0/meta-package-manager-7.0.0-windows-x64.exe),2026-06-26,[{octicon}`shield;1em;sd-text-danger` 17.1%](https://www.virustotal.com/gui/file/09e95096b5cb4616a2f4dee02b350f783a81d9eaba97348613b10bc7089b8a99)
[`6.6.0` {octicon}`link-external`](https://github.com/kdeldycke/meta-package-manager/releases/tag/v6.6.0),[{octicon}`download` `linux-arm64`](https://github.com/kdeldycke/meta-package-manager/releases/download/v6.6.0/mpm-6.6.0-linux-arm64.bin),2026-06-17,[{octicon}`shield-check;1em;sd-text-success`](https://www.virustotal.com/gui/file/3809e4e3c0e3ec9bb1eee3a9ac75c5c26f9f2ad79b58209ae41ffc2c9b8f05ef)
[`6.6.0` {octicon}`link-external`](https://github.com/kdeldycke/meta-package-manager/releases/tag/v6.6.0),[{octicon}`download` `linux-x64`](https://github.com/kdeldycke/meta-package-manager/releases/download/v6.6.0/mpm-6.6.0-linux-x64.bin),2026-06-17,[{octicon}`shield-check;1em;sd-text-success`](https://www.virustotal.com/gui/file/ba03db774666e7f6fdbb218f84c0ca9733005f1dd319a1e069a57004038e2df3)
[`6.6.0` {octicon}`link-external`](https://github.com/kdeldycke/meta-package-manager/releases/tag/v6.6.0),[{octicon}`download` `macos-arm64`](https://github.com/kdeldycke/meta-package-manager/releases/download/v6.6.0/mpm-6.6.0-macos-arm64.bin),2026-06-17,[{octicon}`shield;1em;sd-text-warning` 3.3%](https://www.virustotal.com/gui/file/dadf2f2ea4d7891b5452f292d9fc604ef2c228231b4faf4b8a89a3e5c581235a)
[`6.6.0` {octicon}`link-external`](https://github.com/kdeldycke/meta-package-manager/releases/tag/v6.6.0),[{octicon}`download` `macos-x64`](https://github.com/kdeldycke/meta-package-manager/releases/download/v6.6.0/mpm-6.6.0-macos-x64.bin),2026-06-17,[{octicon}`shield;1em;sd-text-warning` 1.9%](https://www.virustotal.com/gui/file/1b24d108ffc44dfb21b47d018245480fbb56390ab0b28996b849e629aca146fe)
[`6.6.0` {octicon}`link-external`](https://github.com/kdeldycke/meta-package-manager/releases/tag/v6.6.0),[{octicon}`download` `windows-arm64`](https://github.com/kdeldycke/meta-package-manager/releases/download/v6.6.0/mpm-6.6.0-windows-arm64.exe),2026-06-17,[{octicon}`shield;1em;sd-text-warning` 3.0%](https://www.virustotal.com/gui/file/4d38ad3cfc100d9e5e0153459c86bc227b186c1282781362e33e4bdda40d6051)
[`6.6.0` {octicon}`link-external`](https://github.com/kdeldycke/meta-package-manager/releases/tag/v6.6.0),[{octicon}`download` `windows-x64`](https://github.com/kdeldycke/meta-package-manager/releases/download/v6.6.0/mpm-6.6.0-windows-x64.exe),2026-06-17,[{octicon}`shield;1em;sd-text-danger` 26.5%](https://www.virustotal.com/gui/file/f1d3cc20def764956556a5bdd51b6f4303655f0321b460fece714214565954e2)
[`6.5.1` {octicon}`link-external`](https://github.com/kdeldycke/meta-package-manager/releases/tag/v6.5.1),[{octicon}`download` `linux-arm64`](https://github.com/kdeldycke/meta-package-manager/releases/download/v6.5.1/mpm-6.5.1-linux-arm64.bin),2026-05-28,[{octicon}`shield-check;1em;sd-text-success`](https://www.virustotal.com/gui/file/504bc4f367e114514db71d9e0e867fa19b5d078c031a440b2e46926db3998a4f)
[`6.5.1` {octicon}`link-external`](https://github.com/kdeldycke/meta-package-manager/releases/tag/v6.5.1),[{octicon}`download` `linux-x64`](https://github.com/kdeldycke/meta-package-manager/releases/download/v6.5.1/mpm-6.5.1-linux-x64.bin),2026-05-28,[{octicon}`shield;1em;sd-text-warning` 1.7%](https://www.virustotal.com/gui/file/d7911abeede2b239479221767bd998803604093928247a53aeb26025faa93022)
[`6.5.1` {octicon}`link-external`](https://github.com/kdeldycke/meta-package-manager/releases/tag/v6.5.1),[{octicon}`download` `macos-arm64`](https://github.com/kdeldycke/meta-package-manager/releases/download/v6.5.1/mpm-6.5.1-macos-arm64.bin),2026-05-28,[{octicon}`shield;1em;sd-text-warning` 1.6%](https://www.virustotal.com/gui/file/77594dc1060ae03cc418e02bab05324f4fa008dd8a2453890b02c0f8f763dbef)
[`6.5.1` {octicon}`link-external`](https://github.com/kdeldycke/meta-package-manager/releases/tag/v6.5.1),[{octicon}`download` `macos-x64`](https://github.com/kdeldycke/meta-package-manager/releases/download/v6.5.1/mpm-6.5.1-macos-x64.bin),2026-05-28,[{octicon}`shield;1em;sd-text-warning` 1.6%](https://www.virustotal.com/gui/file/69343afd6670be94d31ce3a75a0ab3095eb95c8d2f5817300e3400f3fbba5477)
[`6.5.1` {octicon}`link-external`](https://github.com/kdeldycke/meta-package-manager/releases/tag/v6.5.1),[{octicon}`download` `windows-arm64`](https://github.com/kdeldycke/meta-package-manager/releases/download/v6.5.1/mpm-6.5.1-windows-arm64.exe),2026-05-28,[{octicon}`shield;1em;sd-text-warning` 2.9%](https://www.virustotal.com/gui/file/000c21ec9b2377b75967245a887899d9b873c6815342250943bc9fad52eabeae)
[`6.5.1` {octicon}`link-external`](https://github.com/kdeldycke/meta-package-manager/releases/tag/v6.5.1),[{octicon}`download` `windows-x64`](https://github.com/kdeldycke/meta-package-manager/releases/download/v6.5.1/mpm-6.5.1-windows-x64.exe),2026-05-28,[{octicon}`shield;1em;sd-text-warning` 7.0%](https://www.virustotal.com/gui/file/993415438cbc9460f2ba36076c4802d3ece9c5934db817ee122bb0afafadfa35)
[`6.5.0` {octicon}`link-external`](https://github.com/kdeldycke/meta-package-manager/releases/tag/v6.5.0),[{octicon}`download` `linux-arm64`](https://github.com/kdeldycke/meta-package-manager/releases/download/v6.5.0/mpm-6.5.0-linux-arm64.bin),2026-05-25,[{octicon}`shield-check;1em;sd-text-success`](https://www.virustotal.com/gui/file/42458ebf866b9eb438860c965c8ca24bedc7103e39f6eec044b4e7fec860ed7e)
[`6.5.0` {octicon}`link-external`](https://github.com/kdeldycke/meta-package-manager/releases/tag/v6.5.0),[{octicon}`download` `linux-x64`](https://github.com/kdeldycke/meta-package-manager/releases/download/v6.5.0/mpm-6.5.0-linux-x64.bin),2026-05-25,[{octicon}`shield-check;1em;sd-text-success`](https://www.virustotal.com/gui/file/42add7166951ecae7bad6bd1e9d84b14a6dcd64e753ac80d049cc3af6d1cbbe8)
[`6.5.0` {octicon}`link-external`](https://github.com/kdeldycke/meta-package-manager/releases/tag/v6.5.0),[{octicon}`download` `macos-arm64`](https://github.com/kdeldycke/meta-package-manager/releases/download/v6.5.0/mpm-6.5.0-macos-arm64.bin),2026-05-25,[{octicon}`shield-check;1em;sd-text-success`](https://www.virustotal.com/gui/file/996836ebb76df1ac20ea5c459e2c39b29c7911a347bdf05f298a802f3674e072)
[`6.5.0` {octicon}`link-external`](https://github.com/kdeldycke/meta-package-manager/releases/tag/v6.5.0),[{octicon}`download` `macos-x64`](https://github.com/kdeldycke/meta-package-manager/releases/download/v6.5.0/mpm-6.5.0-macos-x64.bin),2026-05-25,[{octicon}`shield;1em;sd-text-warning` 1.7%](https://www.virustotal.com/gui/file/420e0eb353801f74d08256a752aef86b154b7bc0487bfcb7ebc3632a1053b671)
[`6.5.0` {octicon}`link-external`](https://github.com/kdeldycke/meta-package-manager/releases/tag/v6.5.0),[{octicon}`download` `windows-arm64`](https://github.com/kdeldycke/meta-package-manager/releases/download/v6.5.0/mpm-6.5.0-windows-arm64.exe),2026-05-25,[{octicon}`shield;1em;sd-text-warning` 1.5%](https://www.virustotal.com/gui/file/fa0039451e619a42437f6c015a9f8d148db78130a34ef2a15a228352385064e0)
[`6.5.0` {octicon}`link-external`](https://github.com/kdeldycke/meta-package-manager/releases/tag/v6.5.0),[{octicon}`download` `windows-x64`](https://github.com/kdeldycke/meta-package-manager/releases/download/v6.5.0/mpm-6.5.0-windows-x64.exe),2026-05-25,[{octicon}`shield;1em;sd-text-warning` 4.8%](https://www.virustotal.com/gui/file/238b7ef665ae80f010f4a3fb671bfd570d819b11d04d85373b2897014d2d3174)
[`6.4.3` {octicon}`link-external`](https://github.com/kdeldycke/meta-package-manager/releases/tag/v6.4.3),[{octicon}`download` `linux-arm64`](https://github.com/kdeldycke/meta-package-manager/releases/download/v6.4.3/mpm-6.4.3-linux-arm64.bin),2026-05-11,[{octicon}`shield-check;1em;sd-text-success`](https://www.virustotal.com/gui/file/fa6fee2cef56bb4c015493c64841be2a9478ed16a27593cec4919663b21b8cee)
[`6.4.3` {octicon}`link-external`](https://github.com/kdeldycke/meta-package-manager/releases/tag/v6.4.3),[{octicon}`download` `linux-x64`](https://github.com/kdeldycke/meta-package-manager/releases/download/v6.4.3/mpm-6.4.3-linux-x64.bin),2026-05-11,[{octicon}`shield-check;1em;sd-text-success`](https://www.virustotal.com/gui/file/95d4ce16a4e6c1a269daf95bee3227c1d46de0aa1ddab29f6892d77df1c693bf)
[`6.4.3` {octicon}`link-external`](https://github.com/kdeldycke/meta-package-manager/releases/tag/v6.4.3),[{octicon}`download` `macos-arm64`](https://github.com/kdeldycke/meta-package-manager/releases/download/v6.4.3/mpm-6.4.3-macos-arm64.bin),2026-05-11,[{octicon}`shield;1em;sd-text-warning` 8.1%](https://www.virustotal.com/gui/file/1767dce72f83835b63c22ca8029c6dce1052d9b4b6af7388a4831b09f7141f4f)
[`6.4.3` {octicon}`link-external`](https://github.com/kdeldycke/meta-package-manager/releases/tag/v6.4.3),[{octicon}`download` `macos-x64`](https://github.com/kdeldycke/meta-package-manager/releases/download/v6.4.3/mpm-6.4.3-macos-x64.bin),2026-05-11,[{octicon}`shield-check;1em;sd-text-success`](https://www.virustotal.com/gui/file/841ece8b9a3e84f83967856233d857d5ca8acc63d1de9862406fad7b2096d4cf)
[`6.4.3` {octicon}`link-external`](https://github.com/kdeldycke/meta-package-manager/releases/tag/v6.4.3),[{octicon}`download` `windows-arm64`](https://github.com/kdeldycke/meta-package-manager/releases/download/v6.4.3/mpm-6.4.3-windows-arm64.exe),2026-05-11,[{octicon}`shield;1em;sd-text-warning` 2.9%](https://www.virustotal.com/gui/file/3b1b94e0e8139e31955214103848cd7de2c0d1292f49b0ce8148f01f8ff5b4b3)
[`6.4.3` {octicon}`link-external`](https://github.com/kdeldycke/meta-package-manager/releases/tag/v6.4.3),[{octicon}`download` `windows-x64`](https://github.com/kdeldycke/meta-package-manager/releases/download/v6.4.3/mpm-6.4.3-windows-x64.exe),2026-05-11,[{octicon}`shield;1em;sd-text-danger` 32.9%](https://www.virustotal.com/gui/file/fb5902fe74cbc7a7c802d62acdc56b40ff89ddd43652931c2dbb641956dfe6fe)
[`6.4.2` {octicon}`link-external`](https://github.com/kdeldycke/meta-package-manager/releases/tag/v6.4.2),[{octicon}`download` `linux-arm64`](https://github.com/kdeldycke/meta-package-manager/releases/download/v6.4.2/mpm-6.4.2-linux-arm64.bin),2026-05-11,[{octicon}`shield-check;1em;sd-text-success`](https://www.virustotal.com/gui/file/f451f3dd10affae6f5ddbf2d167212e554db1fa9bb358fb17b9d4d53cd50ad86)
[`6.4.2` {octicon}`link-external`](https://github.com/kdeldycke/meta-package-manager/releases/tag/v6.4.2),[{octicon}`download` `linux-x64`](https://github.com/kdeldycke/meta-package-manager/releases/download/v6.4.2/mpm-6.4.2-linux-x64.bin),2026-05-11,[{octicon}`shield-check;1em;sd-text-success`](https://www.virustotal.com/gui/file/63e6d17059f209a7cc60756796db76aa69e4946f4c61660e617566c99850a0b0)
[`6.4.2` {octicon}`link-external`](https://github.com/kdeldycke/meta-package-manager/releases/tag/v6.4.2),[{octicon}`download` `macos-x64`](https://github.com/kdeldycke/meta-package-manager/releases/download/v6.4.2/mpm-6.4.2-macos-x64.bin),2026-05-11,[{octicon}`shield;1em;sd-text-warning` 1.6%](https://www.virustotal.com/gui/file/adfa53a6b351225e7a5a0d1facd5433cb61d1e1a0da00ae1f4dd2e71462f8371)
[`6.4.2` {octicon}`link-external`](https://github.com/kdeldycke/meta-package-manager/releases/tag/v6.4.2),[{octicon}`download` `windows-arm64`](https://github.com/kdeldycke/meta-package-manager/releases/download/v6.4.2/mpm-6.4.2-windows-arm64.exe),2026-05-11,[{octicon}`shield;1em;sd-text-warning` 2.9%](https://www.virustotal.com/gui/file/bf502e1c5d7e6bf457e113c9109e0da68e3841d7278fa78001dfb12290e9bbc7)
[`6.4.2` {octicon}`link-external`](https://github.com/kdeldycke/meta-package-manager/releases/tag/v6.4.2),[{octicon}`download` `windows-x64`](https://github.com/kdeldycke/meta-package-manager/releases/download/v6.4.2/mpm-6.4.2-windows-x64.exe),2026-05-11,[{octicon}`shield;1em;sd-text-danger` 32.4%](https://www.virustotal.com/gui/file/e475388a2ee78c73061bae4be54994581e03172f5d4d66d7a37b98e91c64299c)
[`6.4.1` {octicon}`link-external`](https://github.com/kdeldycke/meta-package-manager/releases/tag/v6.4.1),[{octicon}`download` `linux-arm64`](https://github.com/kdeldycke/meta-package-manager/releases/download/v6.4.1/mpm-6.4.1-linux-arm64.bin),2026-05-04,[{octicon}`shield-check;1em;sd-text-success`](https://www.virustotal.com/gui/file/4921cd67f85c2190edf0dbc6543cc138224dfebf33a99f8fdd5211c47ea841f8)
[`6.4.1` {octicon}`link-external`](https://github.com/kdeldycke/meta-package-manager/releases/tag/v6.4.1),[{octicon}`download` `linux-x64`](https://github.com/kdeldycke/meta-package-manager/releases/download/v6.4.1/mpm-6.4.1-linux-x64.bin),2026-05-04,[{octicon}`shield-check;1em;sd-text-success`](https://www.virustotal.com/gui/file/eea91183e36d253d5207eba56db0dce39919d1b7721c0ff7c2fee521066af0ee)
[`6.4.1` {octicon}`link-external`](https://github.com/kdeldycke/meta-package-manager/releases/tag/v6.4.1),[{octicon}`download` `macos-arm64`](https://github.com/kdeldycke/meta-package-manager/releases/download/v6.4.1/mpm-6.4.1-macos-arm64.bin),2026-05-04,[{octicon}`shield;1em;sd-text-warning` 6.6%](https://www.virustotal.com/gui/file/aa7235399a1933ddfa624ce82ce76eff575ae6a14aaeca256e61a35295bea172)
[`6.4.1` {octicon}`link-external`](https://github.com/kdeldycke/meta-package-manager/releases/tag/v6.4.1),[{octicon}`download` `macos-x64`](https://github.com/kdeldycke/meta-package-manager/releases/download/v6.4.1/mpm-6.4.1-macos-x64.bin),2026-05-04,[{octicon}`shield;1em;sd-text-warning` 1.6%](https://www.virustotal.com/gui/file/b5b094b86612071ef150ced64d0a455d6a53a691cc19adb1b01adaa8dc81e0e2)
[`6.4.1` {octicon}`link-external`](https://github.com/kdeldycke/meta-package-manager/releases/tag/v6.4.1),[{octicon}`download` `windows-arm64`](https://github.com/kdeldycke/meta-package-manager/releases/download/v6.4.1/mpm-6.4.1-windows-arm64.exe),2026-05-04,[{octicon}`shield;1em;sd-text-warning` 2.9%](https://www.virustotal.com/gui/file/4a540f9e5c78e2a24ad125171a26198183180d5002269fd367d9db900e53fbda)
[`6.4.1` {octicon}`link-external`](https://github.com/kdeldycke/meta-package-manager/releases/tag/v6.4.1),[{octicon}`download` `windows-x64`](https://github.com/kdeldycke/meta-package-manager/releases/download/v6.4.1/mpm-6.4.1-windows-x64.exe),2026-05-04,[{octicon}`shield;1em;sd-text-danger` 33.3%](https://www.virustotal.com/gui/file/98c041e6a551f306558e12599583ce5f2a793012a14eeab1d88ec94bde9ec5bc)
[`6.3.0` {octicon}`link-external`](https://github.com/kdeldycke/meta-package-manager/releases/tag/v6.3.0),[{octicon}`download` `linux-arm64`](https://github.com/kdeldycke/meta-package-manager/releases/download/v6.3.0/meta-package-manager-6.3.0-linux-arm64.bin),2026-04-09,[{octicon}`shield` analysis](https://www.virustotal.com/gui/file/7ef2391e7f1aa455f970721bd1c191c6ba99513529e93e6c36057ed0354563b4)
[`6.3.0` {octicon}`link-external`](https://github.com/kdeldycke/meta-package-manager/releases/tag/v6.3.0),[{octicon}`download` `linux-x64`](https://github.com/kdeldycke/meta-package-manager/releases/download/v6.3.0/meta-package-manager-6.3.0-linux-x64.bin),2026-04-09,[{octicon}`shield` analysis](https://www.virustotal.com/gui/file/5236f33e9172e5ab3830a73826191aac9a7a4a946888210d832f4e414e08ed1b)
[`6.3.0` {octicon}`link-external`](https://github.com/kdeldycke/meta-package-manager/releases/tag/v6.3.0),[{octicon}`download` `macos-arm64`](https://github.com/kdeldycke/meta-package-manager/releases/download/v6.3.0/meta-package-manager-6.3.0-macos-arm64.bin),2026-04-09,[{octicon}`shield` analysis](https://www.virustotal.com/gui/file/9a7d0aabc4d71880e8b32f56662a96d5fc1f9b7d94f65a492eca2e95c7664553)
[`6.3.0` {octicon}`link-external`](https://github.com/kdeldycke/meta-package-manager/releases/tag/v6.3.0),[{octicon}`download` `macos-x64`](https://github.com/kdeldycke/meta-package-manager/releases/download/v6.3.0/meta-package-manager-6.3.0-macos-x64.bin),2026-04-09,[{octicon}`shield` analysis](https://www.virustotal.com/gui/file/da84807f0b284a0c45dbb9222b3ba31bbface03a09f9252009d8064384d8cac2)
[`6.3.0` {octicon}`link-external`](https://github.com/kdeldycke/meta-package-manager/releases/tag/v6.3.0),[{octicon}`download` `windows-arm64`](https://github.com/kdeldycke/meta-package-manager/releases/download/v6.3.0/meta-package-manager-6.3.0-windows-arm64.exe),2026-04-09,[{octicon}`shield` analysis](https://www.virustotal.com/gui/file/49901bb40c181428a46eec87863e856654804b2fba684d852cec146d60109f1a)
[`6.3.0` {octicon}`link-external`](https://github.com/kdeldycke/meta-package-manager/releases/tag/v6.3.0),[{octicon}`download` `windows-x64`](https://github.com/kdeldycke/meta-package-manager/releases/download/v6.3.0/meta-package-manager-6.3.0-windows-x64.exe),2026-04-09,[{octicon}`shield` analysis](https://www.virustotal.com/gui/file/11de373d20c284ef752db2e5bba7db8f5f2a19d77646d625f1ab29016f476584)
[`6.3.0` {octicon}`link-external`](https://github.com/kdeldycke/meta-package-manager/releases/tag/v6.3.0),[{octicon}`download` `linux-arm64`](https://github.com/kdeldycke/meta-package-manager/releases/download/v6.3.0/mpm-6.3.0-linux-arm64.bin),2026-04-09,[{octicon}`shield` analysis](https://www.virustotal.com/gui/file/ced2ec740635d307c885b3307c1a6d70f072dd89aef182b4d573eea5d9c93fc0)
[`6.3.0` {octicon}`link-external`](https://github.com/kdeldycke/meta-package-manager/releases/tag/v6.3.0),[{octicon}`download` `linux-x64`](https://github.com/kdeldycke/meta-package-manager/releases/download/v6.3.0/mpm-6.3.0-linux-x64.bin),2026-04-09,[{octicon}`shield` analysis](https://www.virustotal.com/gui/file/a5ef3a1cc09e87fe9bc07ed42309f744eaedfa2f24f9dcf96f1ee2180f4220f1)
[`6.3.0` {octicon}`link-external`](https://github.com/kdeldycke/meta-package-manager/releases/tag/v6.3.0),[{octicon}`download` `macos-arm64`](https://github.com/kdeldycke/meta-package-manager/releases/download/v6.3.0/mpm-6.3.0-macos-arm64.bin),2026-04-09,[{octicon}`shield` analysis](https://www.virustotal.com/gui/file/020b8615418034cbc4cc5a81af97514cc847e3007fd118d6105ac46252c76a50)
[`6.3.0` {octicon}`link-external`](https://github.com/kdeldycke/meta-package-manager/releases/tag/v6.3.0),[{octicon}`download` `macos-x64`](https://github.com/kdeldycke/meta-package-manager/releases/download/v6.3.0/mpm-6.3.0-macos-x64.bin),2026-04-09,[{octicon}`shield` analysis](https://www.virustotal.com/gui/file/54d796f437fe111f50fce906c650e774a627bb0f02625ce3050c569d3c8d9da9)
[`6.3.0` {octicon}`link-external`](https://github.com/kdeldycke/meta-package-manager/releases/tag/v6.3.0),[{octicon}`download` `windows-arm64`](https://github.com/kdeldycke/meta-package-manager/releases/download/v6.3.0/mpm-6.3.0-windows-arm64.exe),2026-04-09,[{octicon}`shield` analysis](https://www.virustotal.com/gui/file/ca800d389dc84ea8a2d66e069b8d6eb65e9dfa9ed47b779e4afa8fc909cb5521)
[`6.3.0` {octicon}`link-external`](https://github.com/kdeldycke/meta-package-manager/releases/tag/v6.3.0),[{octicon}`download` `windows-x64`](https://github.com/kdeldycke/meta-package-manager/releases/download/v6.3.0/mpm-6.3.0-windows-x64.exe),2026-04-09,[{octicon}`shield` analysis](https://www.virustotal.com/gui/file/b32584e572dda6302d89bf3f76c85480e39330bf4be3296ea0412ffd1a72c731)
[`6.2.1` {octicon}`link-external`](https://github.com/kdeldycke/meta-package-manager/releases/tag/v6.2.1),[{octicon}`download` `linux-arm64`](https://github.com/kdeldycke/meta-package-manager/releases/download/v6.2.1/meta-package-manager-6.2.1-linux-arm64.bin),2026-03-26,[{octicon}`shield` analysis](https://www.virustotal.com/gui/file/c2a5e7093a108a7d73559c7e819dccb6d0f1898781afa2978682e3bdfcaa7a34)
[`6.2.1` {octicon}`link-external`](https://github.com/kdeldycke/meta-package-manager/releases/tag/v6.2.1),[{octicon}`download` `linux-x64`](https://github.com/kdeldycke/meta-package-manager/releases/download/v6.2.1/meta-package-manager-6.2.1-linux-x64.bin),2026-03-26,[{octicon}`shield` analysis](https://www.virustotal.com/gui/file/5c1a8a8afb3157859880dff4c44d6059578c1f04b246948b58fce4564ce7112e)
[`6.2.1` {octicon}`link-external`](https://github.com/kdeldycke/meta-package-manager/releases/tag/v6.2.1),[{octicon}`download` `macos-arm64`](https://github.com/kdeldycke/meta-package-manager/releases/download/v6.2.1/meta-package-manager-6.2.1-macos-arm64.bin),2026-03-26,[{octicon}`shield` analysis](https://www.virustotal.com/gui/file/61c7a27f13b3c5a1f6cd079362c51880af9f1a945b6e3ec59ee3e5951efae1b0)
[`6.2.1` {octicon}`link-external`](https://github.com/kdeldycke/meta-package-manager/releases/tag/v6.2.1),[{octicon}`download` `macos-x64`](https://github.com/kdeldycke/meta-package-manager/releases/download/v6.2.1/meta-package-manager-6.2.1-macos-x64.bin),2026-03-26,[{octicon}`shield` analysis](https://www.virustotal.com/gui/file/7fbef0ba2f2021a18278550c4a3634fb27c8cf1155a39fdb1959bfed72422717)
[`6.2.1` {octicon}`link-external`](https://github.com/kdeldycke/meta-package-manager/releases/tag/v6.2.1),[{octicon}`download` `windows-arm64`](https://github.com/kdeldycke/meta-package-manager/releases/download/v6.2.1/meta-package-manager-6.2.1-windows-arm64.exe),2026-03-26,[{octicon}`shield` analysis](https://www.virustotal.com/gui/file/ebd0e35a09da7b496127aeca5669c2c5b1ab1e74c4f529ae050672850e8f627f)
[`6.2.1` {octicon}`link-external`](https://github.com/kdeldycke/meta-package-manager/releases/tag/v6.2.1),[{octicon}`download` `windows-x64`](https://github.com/kdeldycke/meta-package-manager/releases/download/v6.2.1/meta-package-manager-6.2.1-windows-x64.exe),2026-03-26,[{octicon}`shield` analysis](https://www.virustotal.com/gui/file/5435366a1bdd6790074caacd1c5b4a9d22d28e996671d0a432b399d06762707e)
[`6.2.1` {octicon}`link-external`](https://github.com/kdeldycke/meta-package-manager/releases/tag/v6.2.1),[{octicon}`download` `linux-arm64`](https://github.com/kdeldycke/meta-package-manager/releases/download/v6.2.1/mpm-6.2.1-linux-arm64.bin),2026-03-26,[{octicon}`shield` analysis](https://www.virustotal.com/gui/file/1bebd0424c0f4b86e54a543fe9cf005b431c96aaecc8fde395f89a5a6ac11b60)
[`6.2.1` {octicon}`link-external`](https://github.com/kdeldycke/meta-package-manager/releases/tag/v6.2.1),[{octicon}`download` `linux-x64`](https://github.com/kdeldycke/meta-package-manager/releases/download/v6.2.1/mpm-6.2.1-linux-x64.bin),2026-03-26,[{octicon}`shield` analysis](https://www.virustotal.com/gui/file/a9a9fc5024b9fe61386a1404bb3c719b5884716235511297199db3d68806a3b4)
[`6.2.1` {octicon}`link-external`](https://github.com/kdeldycke/meta-package-manager/releases/tag/v6.2.1),[{octicon}`download` `macos-arm64`](https://github.com/kdeldycke/meta-package-manager/releases/download/v6.2.1/mpm-6.2.1-macos-arm64.bin),2026-03-26,[{octicon}`shield` analysis](https://www.virustotal.com/gui/file/3369b48aed98d4ddedcf3e414f4fbf2e4fd8560ec1195b8c0ff5f41765e4bbd5)
[`6.2.1` {octicon}`link-external`](https://github.com/kdeldycke/meta-package-manager/releases/tag/v6.2.1),[{octicon}`download` `macos-x64`](https://github.com/kdeldycke/meta-package-manager/releases/download/v6.2.1/mpm-6.2.1-macos-x64.bin),2026-03-26,[{octicon}`shield` analysis](https://www.virustotal.com/gui/file/b6ee949dbb7b98525eaf7725d5d3291793b9bbb7d5310664500644bc9b734cb8)
[`6.2.1` {octicon}`link-external`](https://github.com/kdeldycke/meta-package-manager/releases/tag/v6.2.1),[{octicon}`download` `windows-arm64`](https://github.com/kdeldycke/meta-package-manager/releases/download/v6.2.1/mpm-6.2.1-windows-arm64.exe),2026-03-26,[{octicon}`shield` analysis](https://www.virustotal.com/gui/file/136d9410d3887b1023e30f9e31f6e3d054d117ebd08cf50d7d8f83f87a3c6b39)
[`6.2.1` {octicon}`link-external`](https://github.com/kdeldycke/meta-package-manager/releases/tag/v6.2.1),[{octicon}`download` `windows-x64`](https://github.com/kdeldycke/meta-package-manager/releases/download/v6.2.1/mpm-6.2.1-windows-x64.exe),2026-03-26,[{octicon}`shield` analysis](https://www.virustotal.com/gui/file/3edbaf472a6a154db6c2f9f33f935737eeead50a8a7159612ebe0ba930d3a47f)
[`6.2.0` {octicon}`link-external`](https://github.com/kdeldycke/meta-package-manager/releases/tag/v6.2.0),[{octicon}`download` `linux-arm64`](https://github.com/kdeldycke/meta-package-manager/releases/download/v6.2.0/meta-package-manager-6.2.0-linux-arm64.bin),2026-03-25,[{octicon}`shield` analysis](https://www.virustotal.com/gui/file/4bbd6228190a8d9083a0a8d8bda6996b1499a956d65d1d906ad37f70cbb459ea)
[`6.2.0` {octicon}`link-external`](https://github.com/kdeldycke/meta-package-manager/releases/tag/v6.2.0),[{octicon}`download` `linux-x64`](https://github.com/kdeldycke/meta-package-manager/releases/download/v6.2.0/meta-package-manager-6.2.0-linux-x64.bin),2026-03-25,[{octicon}`shield` analysis](https://www.virustotal.com/gui/file/a7e546ab2e6f874fa1fa9ada36781f01d71718bcd0ec9fefc211588d87a561e1)
[`6.2.0` {octicon}`link-external`](https://github.com/kdeldycke/meta-package-manager/releases/tag/v6.2.0),[{octicon}`download` `macos-arm64`](https://github.com/kdeldycke/meta-package-manager/releases/download/v6.2.0/meta-package-manager-6.2.0-macos-arm64.bin),2026-03-25,[{octicon}`shield` analysis](https://www.virustotal.com/gui/file/ccac9bd0e0d8875855066619ca16604c08fc5f7bd2ac38a8839eda6d06f512a1)
[`6.2.0` {octicon}`link-external`](https://github.com/kdeldycke/meta-package-manager/releases/tag/v6.2.0),[{octicon}`download` `macos-x64`](https://github.com/kdeldycke/meta-package-manager/releases/download/v6.2.0/meta-package-manager-6.2.0-macos-x64.bin),2026-03-25,[{octicon}`shield` analysis](https://www.virustotal.com/gui/file/6b74d2d6def4636e0d3d4f786b769bef42d69742b0d6b67a4ee19bd246a27479)
[`6.2.0` {octicon}`link-external`](https://github.com/kdeldycke/meta-package-manager/releases/tag/v6.2.0),[{octicon}`download` `windows-arm64`](https://github.com/kdeldycke/meta-package-manager/releases/download/v6.2.0/meta-package-manager-6.2.0-windows-arm64.exe),2026-03-25,[{octicon}`shield` analysis](https://www.virustotal.com/gui/file/a55f81d988b0017e493d5572b3896a87138120c56d9b3396d0d3c6bf49149440)
[`6.2.0` {octicon}`link-external`](https://github.com/kdeldycke/meta-package-manager/releases/tag/v6.2.0),[{octicon}`download` `windows-x64`](https://github.com/kdeldycke/meta-package-manager/releases/download/v6.2.0/meta-package-manager-6.2.0-windows-x64.exe),2026-03-25,[{octicon}`shield` analysis](https://www.virustotal.com/gui/file/54b7915821df75e680ccb3e1a11255acd2e41369d70c489ad41daa7c5ddaca4b)
[`6.2.0` {octicon}`link-external`](https://github.com/kdeldycke/meta-package-manager/releases/tag/v6.2.0),[{octicon}`download` `linux-arm64`](https://github.com/kdeldycke/meta-package-manager/releases/download/v6.2.0/mpm-6.2.0-linux-arm64.bin),2026-03-25,[{octicon}`shield` analysis](https://www.virustotal.com/gui/file/0d7e029557ddb0f3f1d6c856c088d0476708119bb45f54a030a963289141847d)
[`6.2.0` {octicon}`link-external`](https://github.com/kdeldycke/meta-package-manager/releases/tag/v6.2.0),[{octicon}`download` `linux-x64`](https://github.com/kdeldycke/meta-package-manager/releases/download/v6.2.0/mpm-6.2.0-linux-x64.bin),2026-03-25,[{octicon}`shield` analysis](https://www.virustotal.com/gui/file/c79e432067e80555912994c1b5400e2c9766a0aa494f448347d357e49d4c30ad)
[`6.2.0` {octicon}`link-external`](https://github.com/kdeldycke/meta-package-manager/releases/tag/v6.2.0),[{octicon}`download` `macos-arm64`](https://github.com/kdeldycke/meta-package-manager/releases/download/v6.2.0/mpm-6.2.0-macos-arm64.bin),2026-03-25,[{octicon}`shield` analysis](https://www.virustotal.com/gui/file/6a423c0d4dfdcffd188d31aed0b9428a6c33db3f614167b2c9a24ff61c5e2872)
[`6.2.0` {octicon}`link-external`](https://github.com/kdeldycke/meta-package-manager/releases/tag/v6.2.0),[{octicon}`download` `macos-x64`](https://github.com/kdeldycke/meta-package-manager/releases/download/v6.2.0/mpm-6.2.0-macos-x64.bin),2026-03-25,[{octicon}`shield` analysis](https://www.virustotal.com/gui/file/3a3dee183ef6cd55790af9a720ecd3947d910368789715cb47b8562cf959e107)
[`6.2.0` {octicon}`link-external`](https://github.com/kdeldycke/meta-package-manager/releases/tag/v6.2.0),[{octicon}`download` `windows-arm64`](https://github.com/kdeldycke/meta-package-manager/releases/download/v6.2.0/mpm-6.2.0-windows-arm64.exe),2026-03-25,[{octicon}`shield` analysis](https://www.virustotal.com/gui/file/8c5b3ba947b58ea136365847bbd6d9e92ce34561f8af8b7cd38c2cc308edd2d2)
[`6.2.0` {octicon}`link-external`](https://github.com/kdeldycke/meta-package-manager/releases/tag/v6.2.0),[{octicon}`download` `windows-x64`](https://github.com/kdeldycke/meta-package-manager/releases/download/v6.2.0/mpm-6.2.0-windows-x64.exe),2026-03-25,[{octicon}`shield` analysis](https://www.virustotal.com/gui/file/7b8c20b6640306e7f4aa50f701083c1aa2dd453afd9c3836558f6e3b99215d21)
[`6.1.1` {octicon}`link-external`](https://github.com/kdeldycke/meta-package-manager/releases/tag/v6.1.1),[{octicon}`download` `linux-arm64`](https://github.com/kdeldycke/meta-package-manager/releases/download/v6.1.1/mpm-linux-arm64.bin),2026-02-06,[{octicon}`shield` analysis](https://www.virustotal.com/gui/file/4efad24107caf563d0db862d5ced322532f0f573904fe53424989310f065e5ef)
[`6.1.1` {octicon}`link-external`](https://github.com/kdeldycke/meta-package-manager/releases/tag/v6.1.1),[{octicon}`download` `linux-x64`](https://github.com/kdeldycke/meta-package-manager/releases/download/v6.1.1/mpm-linux-x64.bin),2026-02-06,[{octicon}`shield` analysis](https://www.virustotal.com/gui/file/fd7d8444331443f2585b81256d86d37bd391b41039492afb69454b2e58beb160)
[`6.1.1` {octicon}`link-external`](https://github.com/kdeldycke/meta-package-manager/releases/tag/v6.1.1),[{octicon}`download` `macos-arm64`](https://github.com/kdeldycke/meta-package-manager/releases/download/v6.1.1/mpm-macos-arm64.bin),2026-02-06,[{octicon}`shield` analysis](https://www.virustotal.com/gui/file/6d7209fe6ce361182906195939b24b7d23fb833f7a0392c80c596f72f303723e)
[`6.1.1` {octicon}`link-external`](https://github.com/kdeldycke/meta-package-manager/releases/tag/v6.1.1),[{octicon}`download` `macos-x64`](https://github.com/kdeldycke/meta-package-manager/releases/download/v6.1.1/mpm-macos-x64.bin),2026-02-06,[{octicon}`shield` analysis](https://www.virustotal.com/gui/file/16767f00cd5e501ddb3d3abe507aa2862b182c73f65f260718a12166eb3bc8ff)
[`6.1.1` {octicon}`link-external`](https://github.com/kdeldycke/meta-package-manager/releases/tag/v6.1.1),[{octicon}`download` `windows-arm64`](https://github.com/kdeldycke/meta-package-manager/releases/download/v6.1.1/mpm-windows-arm64.exe),2026-02-06,[{octicon}`shield` analysis](https://www.virustotal.com/gui/file/5b95e2bef60db93df6ec7818d1ca838288b1d3825f44bc8692c4ead64b292a6f)
[`6.1.1` {octicon}`link-external`](https://github.com/kdeldycke/meta-package-manager/releases/tag/v6.1.1),[{octicon}`download` `windows-x64`](https://github.com/kdeldycke/meta-package-manager/releases/download/v6.1.1/mpm-windows-x64.exe),2026-02-06,[{octicon}`shield` analysis](https://www.virustotal.com/gui/file/0a6de87e7c3b2771a9e4d1d59a3904c850c89ffedd1955632689bdb5e559dd9d)
[`6.1.0` {octicon}`link-external`](https://github.com/kdeldycke/meta-package-manager/releases/tag/v6.1.0),[{octicon}`download` `linux-arm64`](https://github.com/kdeldycke/meta-package-manager/releases/download/v6.1.0/mpm-linux-arm64.bin),2026-01-18,[{octicon}`shield` analysis](https://www.virustotal.com/gui/file/aca3b2f59769fe43e8f4075c7b9cfb852c5fb970f6d442345a8cde11884d04f2)
[`6.1.0` {octicon}`link-external`](https://github.com/kdeldycke/meta-package-manager/releases/tag/v6.1.0),[{octicon}`download` `linux-x64`](https://github.com/kdeldycke/meta-package-manager/releases/download/v6.1.0/mpm-linux-x64.bin),2026-01-18,[{octicon}`shield` analysis](https://www.virustotal.com/gui/file/6941e9d2df7cd5801d80bd512265b2677960b0f0bdc10b4f458602889f21ec6d)
[`6.1.0` {octicon}`link-external`](https://github.com/kdeldycke/meta-package-manager/releases/tag/v6.1.0),[{octicon}`download` `macos-arm64`](https://github.com/kdeldycke/meta-package-manager/releases/download/v6.1.0/mpm-macos-arm64.bin),2026-01-18,[{octicon}`shield` analysis](https://www.virustotal.com/gui/file/e581977cb479b2b6e058a64fc91c933fa0fdbcfa7c7aeebbab7ecf3903d28716)
[`6.1.0` {octicon}`link-external`](https://github.com/kdeldycke/meta-package-manager/releases/tag/v6.1.0),[{octicon}`download` `macos-x64`](https://github.com/kdeldycke/meta-package-manager/releases/download/v6.1.0/mpm-macos-x64.bin),2026-01-18,[{octicon}`shield` analysis](https://www.virustotal.com/gui/file/6bf7dc5fbcbe2ec67347572de4d04375626656010dd45093a64cefce134fd156)
[`6.1.0` {octicon}`link-external`](https://github.com/kdeldycke/meta-package-manager/releases/tag/v6.1.0),[{octicon}`download` `windows-arm64`](https://github.com/kdeldycke/meta-package-manager/releases/download/v6.1.0/mpm-windows-arm64.exe),2026-01-18,[{octicon}`shield` analysis](https://www.virustotal.com/gui/file/a4f9d667291eb5d7e847f9036fdcc1755c71453d3d568d08ec7f6488cb17eca1)
[`6.1.0` {octicon}`link-external`](https://github.com/kdeldycke/meta-package-manager/releases/tag/v6.1.0),[{octicon}`download` `windows-x64`](https://github.com/kdeldycke/meta-package-manager/releases/download/v6.1.0/mpm-windows-x64.exe),2026-01-18,[{octicon}`shield` analysis](https://www.virustotal.com/gui/file/e907061e1c70289a20c5b9edd9e27985bcfd7ee3fa60ff84eb9191092706af0d)
[`6.0.2` {octicon}`link-external`](https://github.com/kdeldycke/meta-package-manager/releases/tag/v6.0.2),[{octicon}`download` `linux-arm64`](https://github.com/kdeldycke/meta-package-manager/releases/download/v6.0.2/mpm-linux-arm64.bin),2026-01-09,[{octicon}`shield` analysis](https://www.virustotal.com/gui/file/9d419c59db8ad3ea657578cbd1456975dfc7ab3272dfeac4c5e8640be772e66a)
[`6.0.2` {octicon}`link-external`](https://github.com/kdeldycke/meta-package-manager/releases/tag/v6.0.2),[{octicon}`download` `linux-x64`](https://github.com/kdeldycke/meta-package-manager/releases/download/v6.0.2/mpm-linux-x64.bin),2026-01-09,[{octicon}`shield` analysis](https://www.virustotal.com/gui/file/e82f46165071c4d550517fc9b48b9eefeb907a362a352708b2e2d0c46470b228)
[`6.0.2` {octicon}`link-external`](https://github.com/kdeldycke/meta-package-manager/releases/tag/v6.0.2),[{octicon}`download` `macos-arm64`](https://github.com/kdeldycke/meta-package-manager/releases/download/v6.0.2/mpm-macos-arm64.bin),2026-01-09,[{octicon}`shield` analysis](https://www.virustotal.com/gui/file/37ecfb11413e012c901d0c8a64981be9ea54624ac6036072d8708be2b64fb96c)
[`6.0.2` {octicon}`link-external`](https://github.com/kdeldycke/meta-package-manager/releases/tag/v6.0.2),[{octicon}`download` `macos-x64`](https://github.com/kdeldycke/meta-package-manager/releases/download/v6.0.2/mpm-macos-x64.bin),2026-01-09,[{octicon}`shield` analysis](https://www.virustotal.com/gui/file/781c93219aa312c12074dda85f778240fb17f86ed92b850ca633d27fc45ae001)
[`6.0.2` {octicon}`link-external`](https://github.com/kdeldycke/meta-package-manager/releases/tag/v6.0.2),[{octicon}`download` `windows-arm64`](https://github.com/kdeldycke/meta-package-manager/releases/download/v6.0.2/mpm-windows-arm64.exe),2026-01-09,[{octicon}`shield` analysis](https://www.virustotal.com/gui/file/9377aa3637a3246c40ff5d0cd0673e3230665fe4929fe12d467f29fc34381999)
[`6.0.2` {octicon}`link-external`](https://github.com/kdeldycke/meta-package-manager/releases/tag/v6.0.2),[{octicon}`download` `windows-x64`](https://github.com/kdeldycke/meta-package-manager/releases/download/v6.0.2/mpm-windows-x64.exe),2026-01-09,[{octicon}`shield` analysis](https://www.virustotal.com/gui/file/e9c1799544cc37c75b0f93f296ed307833ba091874ccfd79446f06b011c1024d)
[`6.0.1` {octicon}`link-external`](https://github.com/kdeldycke/meta-package-manager/releases/tag/v6.0.1),[{octicon}`download` `linux-arm64`](https://github.com/kdeldycke/meta-package-manager/releases/download/v6.0.1/mpm-linux-arm64.bin),2026-01-02,[{octicon}`shield` analysis](https://www.virustotal.com/gui/file/1e046d4780604c96aa6fc1d7063e2a8a71f88f3021d976b60f5151382b391398)
[`6.0.1` {octicon}`link-external`](https://github.com/kdeldycke/meta-package-manager/releases/tag/v6.0.1),[{octicon}`download` `linux-x64`](https://github.com/kdeldycke/meta-package-manager/releases/download/v6.0.1/mpm-linux-x64.bin),2026-01-02,[{octicon}`shield` analysis](https://www.virustotal.com/gui/file/4ef280288751d6a2563bdddf598286efd8244c82d2a6d2c77bd9e077be428088)
[`6.0.1` {octicon}`link-external`](https://github.com/kdeldycke/meta-package-manager/releases/tag/v6.0.1),[{octicon}`download` `macos-arm64`](https://github.com/kdeldycke/meta-package-manager/releases/download/v6.0.1/mpm-macos-arm64.bin),2026-01-02,[{octicon}`shield` analysis](https://www.virustotal.com/gui/file/b42487f91939e8af5da9adb1b4edfa4e285087476160f63c35138a65a95be68a)
[`6.0.1` {octicon}`link-external`](https://github.com/kdeldycke/meta-package-manager/releases/tag/v6.0.1),[{octicon}`download` `macos-x64`](https://github.com/kdeldycke/meta-package-manager/releases/download/v6.0.1/mpm-macos-x64.bin),2026-01-02,[{octicon}`shield` analysis](https://www.virustotal.com/gui/file/7a17ae012fa890bca9a6ce27cb7265002ad258a6420f79bbde1de2d6328d6285)
[`6.0.1` {octicon}`link-external`](https://github.com/kdeldycke/meta-package-manager/releases/tag/v6.0.1),[{octicon}`download` `windows-arm64`](https://github.com/kdeldycke/meta-package-manager/releases/download/v6.0.1/mpm-windows-arm64.exe),2026-01-02,[{octicon}`shield` analysis](https://www.virustotal.com/gui/file/dc43ebe971ac268f9153f934fc5cda2ce0b09d2bcdf60b9a2ee11fc57c728166)
[`6.0.1` {octicon}`link-external`](https://github.com/kdeldycke/meta-package-manager/releases/tag/v6.0.1),[{octicon}`download` `windows-x64`](https://github.com/kdeldycke/meta-package-manager/releases/download/v6.0.1/mpm-windows-x64.exe),2026-01-02,[{octicon}`shield` analysis](https://www.virustotal.com/gui/file/33fbf7be6f0d75350ce09aef2ee8d0ecbf7096b2d75794d66dbb988c2f372de1)
[`6.0.0` {octicon}`link-external`](https://github.com/kdeldycke/meta-package-manager/releases/tag/v6.0.0),[{octicon}`download` `linux-arm64`](https://github.com/kdeldycke/meta-package-manager/releases/download/v6.0.0/mpm-linux-arm64.bin),2025-12-08,[{octicon}`shield` analysis](https://www.virustotal.com/gui/file/a12db9a75f6b4079c7c8438e93d107931bb5d714dcca5bcd11083892df870362)
[`6.0.0` {octicon}`link-external`](https://github.com/kdeldycke/meta-package-manager/releases/tag/v6.0.0),[{octicon}`download` `linux-x64`](https://github.com/kdeldycke/meta-package-manager/releases/download/v6.0.0/mpm-linux-x64.bin),2025-12-08,[{octicon}`shield` analysis](https://www.virustotal.com/gui/file/45c340e2f8b888af0c9586e2ed0c55739dbd055006a626e9b9888fcf298dc934)
[`6.0.0` {octicon}`link-external`](https://github.com/kdeldycke/meta-package-manager/releases/tag/v6.0.0),[{octicon}`download` `macos-arm64`](https://github.com/kdeldycke/meta-package-manager/releases/download/v6.0.0/mpm-macos-arm64.bin),2025-12-08,[{octicon}`shield` analysis](https://www.virustotal.com/gui/file/aab0526659090d9e3f44b109de7601df11ff7fb367aa9aa2073bf9dfbb3acc2b)
[`6.0.0` {octicon}`link-external`](https://github.com/kdeldycke/meta-package-manager/releases/tag/v6.0.0),[{octicon}`download` `macos-x64`](https://github.com/kdeldycke/meta-package-manager/releases/download/v6.0.0/mpm-macos-x64.bin),2025-12-08,[{octicon}`shield` analysis](https://www.virustotal.com/gui/file/73abb4e11db7737b0bd82a3be16cf2232b33c9d969397d00b1f2b3e39f57eea2)
[`6.0.0` {octicon}`link-external`](https://github.com/kdeldycke/meta-package-manager/releases/tag/v6.0.0),[{octicon}`download` `windows-arm64`](https://github.com/kdeldycke/meta-package-manager/releases/download/v6.0.0/mpm-windows-arm64.exe),2025-12-08,[{octicon}`shield` analysis](https://www.virustotal.com/gui/file/5e8a22133620f2ca3564d95bde6b535b6a1eb462c93e2f31036bf5243d5f34b7)
[`6.0.0` {octicon}`link-external`](https://github.com/kdeldycke/meta-package-manager/releases/tag/v6.0.0),[{octicon}`download` `windows-x64`](https://github.com/kdeldycke/meta-package-manager/releases/download/v6.0.0/mpm-windows-x64.exe),2025-12-08,[{octicon}`shield` analysis](https://www.virustotal.com/gui/file/e1d751081250bc8fb06afe257d4d213d68f4e86c9c438a36db4eafa2d4726c6e)
[`5.21.0` {octicon}`link-external`](https://github.com/kdeldycke/meta-package-manager/releases/tag/v5.21.0),[{octicon}`download` `linux-arm64`](https://github.com/kdeldycke/meta-package-manager/releases/download/v5.21.0/mpm-linux-arm64.bin),2025-05-29,
[`5.21.0` {octicon}`link-external`](https://github.com/kdeldycke/meta-package-manager/releases/tag/v5.21.0),[{octicon}`download` `linux-x64`](https://github.com/kdeldycke/meta-package-manager/releases/download/v5.21.0/mpm-linux-x64.bin),2025-05-29,
[`5.21.0` {octicon}`link-external`](https://github.com/kdeldycke/meta-package-manager/releases/tag/v5.21.0),[{octicon}`download` `macos-arm64`](https://github.com/kdeldycke/meta-package-manager/releases/download/v5.21.0/mpm-macos-arm64.bin),2025-05-29,
[`5.21.0` {octicon}`link-external`](https://github.com/kdeldycke/meta-package-manager/releases/tag/v5.21.0),[{octicon}`download` `macos-x64`](https://github.com/kdeldycke/meta-package-manager/releases/download/v5.21.0/mpm-macos-x64.bin),2025-05-29,
[`5.21.0` {octicon}`link-external`](https://github.com/kdeldycke/meta-package-manager/releases/tag/v5.21.0),[{octicon}`download` `windows-x64`](https://github.com/kdeldycke/meta-package-manager/releases/download/v5.21.0/mpm-windows-x64.exe),2025-05-29,
[`5.20.0` {octicon}`link-external`](https://github.com/kdeldycke/meta-package-manager/releases/tag/v5.20.0),[{octicon}`download` `linux-x64`](https://github.com/kdeldycke/meta-package-manager/releases/download/v5.20.0/mpm-linux-x64.bin),2024-11-25,
[`5.20.0` {octicon}`link-external`](https://github.com/kdeldycke/meta-package-manager/releases/tag/v5.20.0),[{octicon}`download` `macos-arm64`](https://github.com/kdeldycke/meta-package-manager/releases/download/v5.20.0/mpm-macos-arm64.bin),2024-11-25,
[`5.20.0` {octicon}`link-external`](https://github.com/kdeldycke/meta-package-manager/releases/tag/v5.20.0),[{octicon}`download` `macos-x64`](https://github.com/kdeldycke/meta-package-manager/releases/download/v5.20.0/mpm-macos-x64.bin),2024-11-25,
[`5.20.0` {octicon}`link-external`](https://github.com/kdeldycke/meta-package-manager/releases/tag/v5.20.0),[{octicon}`download` `windows-x64`](https://github.com/kdeldycke/meta-package-manager/releases/download/v5.20.0/mpm-windows-x64.exe),2024-11-25,
[`5.19.0` {octicon}`link-external`](https://github.com/kdeldycke/meta-package-manager/releases/tag/v5.19.0),[{octicon}`download` `linux-x64`](https://github.com/kdeldycke/meta-package-manager/releases/download/v5.19.0/mpm-linux-x64.bin),2024-11-14,
[`5.19.0` {octicon}`link-external`](https://github.com/kdeldycke/meta-package-manager/releases/tag/v5.19.0),[{octicon}`download` `macos-arm64`](https://github.com/kdeldycke/meta-package-manager/releases/download/v5.19.0/mpm-macos-arm64.bin),2024-11-14,
[`5.19.0` {octicon}`link-external`](https://github.com/kdeldycke/meta-package-manager/releases/tag/v5.19.0),[{octicon}`download` `macos-x64`](https://github.com/kdeldycke/meta-package-manager/releases/download/v5.19.0/mpm-macos-x64.bin),2024-11-14,
[`5.19.0` {octicon}`link-external`](https://github.com/kdeldycke/meta-package-manager/releases/tag/v5.19.0),[{octicon}`download` `windows-x64`](https://github.com/kdeldycke/meta-package-manager/releases/download/v5.19.0/mpm-windows-x64.exe),2024-11-14,
[`5.18.0` {octicon}`link-external`](https://github.com/kdeldycke/meta-package-manager/releases/tag/v5.18.0),[{octicon}`download` `linux-x64`](https://github.com/kdeldycke/meta-package-manager/releases/download/v5.18.0/mpm-linux-x64.bin),2024-08-02,
[`5.18.0` {octicon}`link-external`](https://github.com/kdeldycke/meta-package-manager/releases/tag/v5.18.0),[{octicon}`download` `macos-arm64`](https://github.com/kdeldycke/meta-package-manager/releases/download/v5.18.0/mpm-macos-arm64.bin),2024-08-02,
[`5.18.0` {octicon}`link-external`](https://github.com/kdeldycke/meta-package-manager/releases/tag/v5.18.0),[{octicon}`download` `macos-x64`](https://github.com/kdeldycke/meta-package-manager/releases/download/v5.18.0/mpm-macos-x64.bin),2024-08-02,
[`5.18.0` {octicon}`link-external`](https://github.com/kdeldycke/meta-package-manager/releases/tag/v5.18.0),[{octicon}`download` `windows-x64`](https://github.com/kdeldycke/meta-package-manager/releases/download/v5.18.0/mpm-windows-x64.exe),2024-08-02,
[`5.17.0` {octicon}`link-external`](https://github.com/kdeldycke/meta-package-manager/releases/tag/v5.17.0),[{octicon}`download` `linux-x64`](https://github.com/kdeldycke/meta-package-manager/releases/download/v5.17.0/mpm-linux-x64.bin),2024-07-08,
[`5.17.0` {octicon}`link-external`](https://github.com/kdeldycke/meta-package-manager/releases/tag/v5.17.0),[{octicon}`download` `macos-arm64`](https://github.com/kdeldycke/meta-package-manager/releases/download/v5.17.0/mpm-macos-arm64.bin),2024-07-08,
[`5.17.0` {octicon}`link-external`](https://github.com/kdeldycke/meta-package-manager/releases/tag/v5.17.0),[{octicon}`download` `macos-x64`](https://github.com/kdeldycke/meta-package-manager/releases/download/v5.17.0/mpm-macos-x64.bin),2024-07-08,
[`5.17.0` {octicon}`link-external`](https://github.com/kdeldycke/meta-package-manager/releases/tag/v5.17.0),[{octicon}`download` `windows-x64`](https://github.com/kdeldycke/meta-package-manager/releases/download/v5.17.0/mpm-windows-x64.exe),2024-07-08,
[`5.16.0` {octicon}`link-external`](https://github.com/kdeldycke/meta-package-manager/releases/tag/v5.16.0),[{octicon}`download` `linux-x64`](https://github.com/kdeldycke/meta-package-manager/releases/download/v5.16.0/mpm-linux-x64.bin),2024-05-24,
[`5.16.0` {octicon}`link-external`](https://github.com/kdeldycke/meta-package-manager/releases/tag/v5.16.0),[{octicon}`download` `macos-arm64`](https://github.com/kdeldycke/meta-package-manager/releases/download/v5.16.0/mpm-macos-arm64.bin),2024-05-24,
[`5.16.0` {octicon}`link-external`](https://github.com/kdeldycke/meta-package-manager/releases/tag/v5.16.0),[{octicon}`download` `macos-x64`](https://github.com/kdeldycke/meta-package-manager/releases/download/v5.16.0/mpm-macos-x64.bin),2024-05-24,
[`5.16.0` {octicon}`link-external`](https://github.com/kdeldycke/meta-package-manager/releases/tag/v5.16.0),[{octicon}`download` `windows-x64`](https://github.com/kdeldycke/meta-package-manager/releases/download/v5.16.0/mpm-windows-x64.exe),2024-05-24,
[`5.15.0` {octicon}`link-external`](https://github.com/kdeldycke/meta-package-manager/releases/tag/v5.15.0),[{octicon}`download` `linux-x64`](https://github.com/kdeldycke/meta-package-manager/releases/download/v5.15.0/mpm-linux-x64.bin),2024-02-25,
[`5.15.0` {octicon}`link-external`](https://github.com/kdeldycke/meta-package-manager/releases/tag/v5.15.0),[{octicon}`download` `macos-arm64`](https://github.com/kdeldycke/meta-package-manager/releases/download/v5.15.0/mpm-macos-arm64.bin),2024-02-25,
[`5.15.0` {octicon}`link-external`](https://github.com/kdeldycke/meta-package-manager/releases/tag/v5.15.0),[{octicon}`download` `macos-x64`](https://github.com/kdeldycke/meta-package-manager/releases/download/v5.15.0/mpm-macos-x64.bin),2024-02-25,
[`5.15.0` {octicon}`link-external`](https://github.com/kdeldycke/meta-package-manager/releases/tag/v5.15.0),[{octicon}`download` `windows-x64`](https://github.com/kdeldycke/meta-package-manager/releases/download/v5.15.0/mpm-windows-x64.exe),2024-02-25,
[`5.14.2` {octicon}`link-external`](https://github.com/kdeldycke/meta-package-manager/releases/tag/v5.14.2),[{octicon}`download` `linux-x64`](https://github.com/kdeldycke/meta-package-manager/releases/download/v5.14.2/mpm-linux-x64.bin),2024-01-17,
[`5.14.2` {octicon}`link-external`](https://github.com/kdeldycke/meta-package-manager/releases/tag/v5.14.2),[{octicon}`download` `macos-x64`](https://github.com/kdeldycke/meta-package-manager/releases/download/v5.14.2/mpm-macos-x64.bin),2024-01-17,
[`5.14.2` {octicon}`link-external`](https://github.com/kdeldycke/meta-package-manager/releases/tag/v5.14.2),[{octicon}`download` `windows-x64`](https://github.com/kdeldycke/meta-package-manager/releases/download/v5.14.2/mpm-windows-x64.exe),2024-01-17,
[`5.14.1` {octicon}`link-external`](https://github.com/kdeldycke/meta-package-manager/releases/tag/v5.14.1),[{octicon}`download` `linux-x64`](https://github.com/kdeldycke/meta-package-manager/releases/download/v5.14.1/mpm-linux-x64.bin),2024-01-16,
[`5.14.1` {octicon}`link-external`](https://github.com/kdeldycke/meta-package-manager/releases/tag/v5.14.1),[{octicon}`download` `macos-x64`](https://github.com/kdeldycke/meta-package-manager/releases/download/v5.14.1/mpm-macos-x64.bin),2024-01-16,
[`5.14.1` {octicon}`link-external`](https://github.com/kdeldycke/meta-package-manager/releases/tag/v5.14.1),[{octicon}`download` `windows-x64`](https://github.com/kdeldycke/meta-package-manager/releases/download/v5.14.1/mpm-windows-x64.exe),2024-01-16,
[`5.14.0` {octicon}`link-external`](https://github.com/kdeldycke/meta-package-manager/releases/tag/v5.14.0),[{octicon}`download` `linux-x64`](https://github.com/kdeldycke/meta-package-manager/releases/download/v5.14.0/mpm-linux-x64.bin),2024-01-13,
[`5.14.0` {octicon}`link-external`](https://github.com/kdeldycke/meta-package-manager/releases/tag/v5.14.0),[{octicon}`download` `macos-x64`](https://github.com/kdeldycke/meta-package-manager/releases/download/v5.14.0/mpm-macos-x64.bin),2024-01-13,
[`5.14.0` {octicon}`link-external`](https://github.com/kdeldycke/meta-package-manager/releases/tag/v5.14.0),[{octicon}`download` `windows-x64`](https://github.com/kdeldycke/meta-package-manager/releases/download/v5.14.0/mpm-windows-x64.exe),2024-01-13,
[`5.13.1` {octicon}`link-external`](https://github.com/kdeldycke/meta-package-manager/releases/tag/v5.13.1),[{octicon}`download` `linux-x64`](https://github.com/kdeldycke/meta-package-manager/releases/download/v5.13.1/mpm-linux-x64.bin),2023-05-06,
[`5.13.1` {octicon}`link-external`](https://github.com/kdeldycke/meta-package-manager/releases/tag/v5.13.1),[{octicon}`download` `macos-x64`](https://github.com/kdeldycke/meta-package-manager/releases/download/v5.13.1/mpm-macos-x64.bin),2023-05-06,
[`5.13.1` {octicon}`link-external`](https://github.com/kdeldycke/meta-package-manager/releases/tag/v5.13.1),[{octicon}`download` `windows-x64`](https://github.com/kdeldycke/meta-package-manager/releases/download/v5.13.1/mpm-windows-x64.exe),2023-05-06,
[`5.13.0` {octicon}`link-external`](https://github.com/kdeldycke/meta-package-manager/releases/tag/v5.13.0),[{octicon}`download` `linux-x64`](https://github.com/kdeldycke/meta-package-manager/releases/download/v5.13.0/mpm-linux-x64.bin),2023-04-04,
[`5.13.0` {octicon}`link-external`](https://github.com/kdeldycke/meta-package-manager/releases/tag/v5.13.0),[{octicon}`download` `macos-x64`](https://github.com/kdeldycke/meta-package-manager/releases/download/v5.13.0/mpm-macos-x64.bin),2023-04-04,
[`5.13.0` {octicon}`link-external`](https://github.com/kdeldycke/meta-package-manager/releases/tag/v5.13.0),[{octicon}`download` `windows-x64`](https://github.com/kdeldycke/meta-package-manager/releases/download/v5.13.0/mpm-windows-x64.exe),2023-04-04,
[`5.12.0` {octicon}`link-external`](https://github.com/kdeldycke/meta-package-manager/releases/tag/v5.12.0),[{octicon}`download` `linux-x64`](https://github.com/kdeldycke/meta-package-manager/releases/download/v5.12.0/mpm-linux-x64.bin),2023-02-25,
[`5.12.0` {octicon}`link-external`](https://github.com/kdeldycke/meta-package-manager/releases/tag/v5.12.0),[{octicon}`download` `macos-x64`](https://github.com/kdeldycke/meta-package-manager/releases/download/v5.12.0/mpm-macos-x64.bin),2023-02-25,
[`5.12.0` {octicon}`link-external`](https://github.com/kdeldycke/meta-package-manager/releases/tag/v5.12.0),[{octicon}`download` `windows-x64`](https://github.com/kdeldycke/meta-package-manager/releases/download/v5.12.0/mpm-windows-x64.exe),2023-02-25,
[`5.11.7` {octicon}`link-external`](https://github.com/kdeldycke/meta-package-manager/releases/tag/v5.11.7),[{octicon}`download` `linux-x64`](https://github.com/kdeldycke/meta-package-manager/releases/download/v5.11.7/mpm-linux-x64.bin),2023-02-20,
[`5.11.7` {octicon}`link-external`](https://github.com/kdeldycke/meta-package-manager/releases/tag/v5.11.7),[{octicon}`download` `macos-x64`](https://github.com/kdeldycke/meta-package-manager/releases/download/v5.11.7/mpm-macos-x64.bin),2023-02-20,
[`5.11.7` {octicon}`link-external`](https://github.com/kdeldycke/meta-package-manager/releases/tag/v5.11.7),[{octicon}`download` `windows-x64`](https://github.com/kdeldycke/meta-package-manager/releases/download/v5.11.7/mpm-windows-x64.exe),2023-02-20,
[`5.11.6` {octicon}`link-external`](https://github.com/kdeldycke/meta-package-manager/releases/tag/v5.11.6),[{octicon}`download` `linux-x64`](https://github.com/kdeldycke/meta-package-manager/releases/download/v5.11.6/mpm-linux-x64.bin),2023-02-12,
[`5.11.6` {octicon}`link-external`](https://github.com/kdeldycke/meta-package-manager/releases/tag/v5.11.6),[{octicon}`download` `macos-x64`](https://github.com/kdeldycke/meta-package-manager/releases/download/v5.11.6/mpm-macos-x64.bin),2023-02-12,
[`5.11.6` {octicon}`link-external`](https://github.com/kdeldycke/meta-package-manager/releases/tag/v5.11.6),[{octicon}`download` `windows-x64`](https://github.com/kdeldycke/meta-package-manager/releases/download/v5.11.6/mpm-windows-x64.exe),2023-02-12,
[`5.11.0` {octicon}`link-external`](https://github.com/kdeldycke/meta-package-manager/releases/tag/v5.11.0),[{octicon}`download` `mpm_linux_x64-build-ed0293b.bin`](https://github.com/kdeldycke/meta-package-manager/releases/download/v5.11.0/mpm_linux_x64-build-ed0293b.bin),2023-01-30,
[`5.11.0` {octicon}`link-external`](https://github.com/kdeldycke/meta-package-manager/releases/tag/v5.11.0),[{octicon}`download` `mpm_macos_x64-build-ed0293b.bin`](https://github.com/kdeldycke/meta-package-manager/releases/download/v5.11.0/mpm_macos_x64-build-ed0293b.bin),2023-01-30,
[`5.11.0` {octicon}`link-external`](https://github.com/kdeldycke/meta-package-manager/releases/tag/v5.11.0),[{octicon}`download` `mpm_windows_x64-build-ed0293b.exe`](https://github.com/kdeldycke/meta-package-manager/releases/download/v5.11.0/mpm_windows_x64-build-ed0293b.exe),2023-01-30,
[`5.10.2` {octicon}`link-external`](https://github.com/kdeldycke/meta-package-manager/releases/tag/v5.10.2),[{octicon}`download` `mpm_linux_x64-build-a942e79.bin`](https://github.com/kdeldycke/meta-package-manager/releases/download/v5.10.2/mpm_linux_x64-build-a942e79.bin),2022-12-19,
[`5.10.2` {octicon}`link-external`](https://github.com/kdeldycke/meta-package-manager/releases/tag/v5.10.2),[{octicon}`download` `mpm_macos_x64-build-a942e79.bin`](https://github.com/kdeldycke/meta-package-manager/releases/download/v5.10.2/mpm_macos_x64-build-a942e79.bin),2022-12-19,
[`5.10.2` {octicon}`link-external`](https://github.com/kdeldycke/meta-package-manager/releases/tag/v5.10.2),[{octicon}`download` `mpm_windows_x64-build-a942e79.exe`](https://github.com/kdeldycke/meta-package-manager/releases/download/v5.10.2/mpm_windows_x64-build-a942e79.exe),2022-12-19,
